# Forwarder variant registry, read by scripts/bench-forward.sh and copied
# into every run directory for forwarder-report. Tab-separated; "-" is an
# empty field; lines starting with "#" are comments.
#
# Columns: id, build_set (sync|tokio|async-io), binary, args, baseline id,
# offload (0|1), family, mode, runtime, layer, buffers, label.
#
# A baseline row (baseline "-") is raw tun-rs; every other row is compared
# with the baseline it names, measured in the same repetition.
tunrs-sync	sync	tunrs-sync	-	-	0	tun-rs	sync	threads	tun-rs	stack-64k	tun-rs sync
tl-sync	sync	tl-sync	-	tunrs-sync	0	tunnel-lattice	sync	threads	facade	recv-buffer-len	tunnel-lattice sync (Handle::recv/send)
tunrs-async-tokio	tokio	tunrs-async-tokio	-	-	0	tun-rs	async	tokio	tun-rs	vec-64k	tun-rs async (Tokio)
tl-async-tokio	tokio	tl-async-tokio	-	tunrs-async-tokio	0	tunnel-lattice	async	tokio	facade	pool-default	tunnel-lattice async (Tokio, packet_stream + send_async)
tl-async-tokio-shared-pool	tokio	tl-async-tokio-shared-pool	-	tunrs-async-tokio	0	tunnel-lattice	async	tokio	facade	pool-shared-256	tunnel-lattice async (Tokio, one shared PacketPool)
tunrs-async-asyncio	async-io	tunrs-async-asyncio	-	-	0	tun-rs	async	async-io	tun-rs	vec-64k	tun-rs async (async-io)
tl-async-asyncio	async-io	tl-async-asyncio	-	tunrs-async-asyncio	0	tunnel-lattice	async	async-io	facade	pool-default	tunnel-lattice async (async-io, packet_stream + send_async)
